{"message_ids": {"om_x100b6c11bcf990bcb043f6f07ad7dac": 1781711569.2357998, "om_x100b6c132c218c80b2ffd4da1f1bac8": 1781717169.3439999, "om_x100b6c1317b810acb3f69339e128640": 1781717317.0606284, "om_x100b6c1322dffcacb29466342e21ca8": 1781717615.1057045, "om_x100b6c00284960b0c056fab7698891b": 1781745257.2503142, "om_x100b6c00255710acb1a374ae6cc41fe": 1781745338.267589, "om_x100b6c003833a0a0b15541d2718ce53": 1781745520.592176, "om_x100b6c0278f308b0b27e6fd4c58f2e8": 1781752676.7571292, "om_x100b6c020c7720bcb39462c4b917473": 1781752876.4980426, "om_x100b6c020ddf6090b343bd4bbf93ccc": 1781752881.9939983, "om_x100b6c0201e8acbcb4cdca81d879c0b": 1781753075.2207897, "om_x100b6c021380f4ecb20c0f3f5f0a07f": 1781753301.6716294, "om_x100b6c0228c0a8b8b26771ced6c5768": 1781753441.5682545, "om_x100b6c0227bfe0b4b1ca68275b3a422": 1781753496.1030486}}